progamer14,77fb7788-583e-3fa4-a6d4-efb1cd9cdcff
yes_king,f7d52a48-01a9-36ab-a281-e493da7e7320
comebackkid1242,4af511ee-90b3-3cd7-81e3-65a4cbac0486
darvervigg628,b2f4683a-7e84-3239-b606-7f646fe0350c
mrbeast6000,9e786080-6fca-37f6-971a-170d489290cb
donomite5988,b5423dca-9c4e-3bce-a575-a7223f87c455
jwrb,f9b77a9b-852e-35b9-81dc-a80454f49ea5
weiqi,8aaee672-257b-3491-99b9-add1a2ffdb7d
awawawawawawawa,a5df6ebc-4f35-3210-96dd-24d1bb9eca63
ra_,3af49ee8-158f-3bb5-8dba-3bc8a58fd7b7
obrestamine,22fa258a-e0c7-3446-849c-3457d7f6c74e
a_p,557a59cc-cf19-3073-bd96-a78e4683f54e
696969696969,7c86102b-14d9-3180-82b6-8509112c2580
ee6370__1,5b471b84-c40d-3258-a94c-c714c453b9e0
yeeishdarvler331,cb6b0c75-66e1-36b9-8491-c261725a5a42
yeevidgg412,556ac48f-7631-3727-bdd5-b3cb4f745d16
yeelervigg199,6952fe5d-ccd0-35d3-bdfd-2a3eb74eccba
dreamxd,18749afa-012f-3b87-8590-c0b6aba12c9a
flightygamer188_,1ba2130b-207e-3a94-b61c-9e999db0eff9
yeegyee794,e903858d-b1a8-394a-b161-b83d4c0d6024
codingkitten_,bb17608c-a13f-3eb1-8ffc-dfaeb1e8750b
dorp,a8a376b9-16fb-3821-8d3b-1de3094374a0
anonomyss,b48e7264-44d6-34ac-8419-1c5a8d5f5f08
blinkyenjoyer,b765e2fc-6b90-3d55-92e3-3a8bdb628ee2
elmoburnedinhell,73f641fe-d21b-3d03-afb0-76793af57490
the_acctualvoid,97ea13f5-3035-31fb-904b-14349e43edaa
child_eater_69,528530e8-b31e-3963-9211-c04cc1c9756e
notch,b50ad385-829d-3141-a216-7e7d7539ba7f
yeeryeeler269,b5b7d354-a844-3259-bced-7950f7ad89b0
nawor,0003520b-452f-32c7-b6f1-d06e3771f686
alduckditler,447cb3f3-731c-358d-b380-a3cb4c492040
yiggdarver177,b7514ede-4e10-3847-9812-c9dc83ffada7
creeper,3ecf04f9-746c-3134-b5eb-dd677beb6559
sir_creeper,62701d9b-1abb-36d6-86b2-a2ddc7e79e0d
grimace_shake2,5769d345-7697-3849-9ee4-f0353f9f1bf4
yeeeagler943,9b2786db-e6b2-3dc3-ad2a-1e84b12a00f3
yeelereagler614,4023833c-b688-30e1-a5ea-9820e127cc9f
___kaito,23a893c1-e873-318f-9d9c-b272cbe8b367
woman_,a213bb34-dd6e-3d70-9153-9442d8c2e84c
poor_girl_rose_,cd543c03-e8ca-3eba-86d6-7aca9421da11
itzicygamingyt,c193f7f6-7184-35b7-9c71-b8e93e0876fa
rabaccaiscool,e8ff152a-7762-3f61-a060-216f6231ca3a
business_creeper,c7371742-efe3-3a51-8213-19419d8c0c25
yeeishvigg772,80f60cca-177b-3a28-b969-82320647f45f
shadowwolf,d3d2c64b-8b55-3dd3-8839-451aec8c601e
wesley,9e0cc8e8-65f5-3a60-bc0f-58ddab95f532
cb__,480e400b-6f2c-30e7-9b37-21c4fc46b2db
eaglyigg690,70830b05-aa41-38de-a533-7033e8543ba2
darvlereagl72,6cdc8246-bd39-39f2-8d25-fc7a18325660
dabi_n,6870ff6b-b2fc-326b-8cb5-2aaae1584508
theyheartal3x,73da53d7-3744-34ea-b88d-2bef29a00887
darvleryeeg53,157c423e-0fb9-39c1-ab38-ee0894a463ff
troll,bf8733bd-dacf-3144-89ff-e9533330aa6c
tyrone,37069111-12b3-344a-be7f-d288ba25f568
soviet,f0f777ac-6631-364c-b5b5-0529ed56d7e2
devilish_angel,a8e1dd3d-5d25-3926-b2ad-d60d6eb31cbc
eagleryeeish581,1f0f2bcc-1acb-3c53-850c-3b16ce58e360
yeedeev879,3c90b40a-5cbf-34ea-a287-83e50bec6175
overworldly,d65d46b9-d388-3f98-ad47-3f5a70edb938
yeerdarvler704,3622bb4e-a10a-3b74-b8ad-b7cf262a7efa
___,3aa10d45-6372-352e-b9af-2eba497ed912
alien_x,d72c4305-8ffc-38e6-9e29-fb0c96760e3f
sir_creepr,bee637dc-4d4d-3869-8946-c1abbb476b79
mushroom_raven12,82e77ada-e6dc-36dd-9993-788b092dd424
edwinie,867d7bab-cc23-3999-b48f-fffdcc6cb2f4
soviet_union,f6afca4d-b71b-3a69-acc3-a2b01394c641
dabi_shark,64b2dbd4-985b-355a-a0dd-ea0a201b66e3
dio,d940c835-67f4-3b1d-93a9-220d9004a85e
darvleryigg493,354d12ff-46de-3be1-b148-ac5300f65a26
darveryeeler765,08774587-3ea2-3ab2-b9ca-ad99202af8a5
yeeryeeler293,f7bc7e79-d388-345b-9aaa-fe36ea3ddf13
ayaan,fcddf0aa-8560-3154-8bdf-7f270a18eb24
yeevigg614,7e4ddf16-978d-3a83-a3a9-f967348a2dd4
moldycinnamonw,73151c49-1b12-32b3-95f3-afc4cf61311e
poultry_man,33ffadc0-e638-328f-9bb5-c6ea567e3104
somekid1,6237a00d-bf0c-3d31-85f9-a1d969095eb7
brycesweeny,22144623-e60c-3146-9b02-f6c00cd7efc9
fancyneeker,7dd52497-419e-3775-9f3d-a133b2dd984c
warcrimes,8a38d834-1dcf-34e3-a7fb-6c77b9aada41
moldycinnamonl,8ab0b808-a3af-368e-bfd0-32d97c955fd3
electroisnotdum,d0ea5adf-3fb1-37f4-ad2f-29def653fa1e
anonomys,16dfc4f9-13c2-3022-ba98-39e46b8af018
rolo,a4369523-8037-3575-b508-7db5eb112510
solentenm,458db9b8-8d44-37a8-a429-fe77542a861a
football_pro1,4e5b01ff-6d51-3c7f-bcf6-63e9e7bff8d3
aaaaayt,2668c2b0-28a7-3c37-afd3-5dd2072815dd
thatethiopiankid,107fba04-37a7-3adf-8820-65abc509a679
viggyigg816,ec9070bc-8a0a-3264-85f4-00d7ae839de2
africangoat,a7342dea-64ad-3c72-aa94-900cd22e865e
yeegvigg244,1ebbb89d-2402-36c3-ae2f-ed5770148db1
yeeishyee753,7c6c9e80-e3aa-31cd-8cfc-ae0cf716760c
yeeeagler770,3ef87392-cd93-389a-8a98-7e7e3a9dee6f
pteddy,63692379-cc01-30f9-abb0-607e2b02a7e2
shadow7130,55a6b92e-d88a-3475-84b1-997404627bba
darvleryeeg716,37bc7893-93ae-334f-a528-c81a0f2c1c39
fox,8f9304c7-906d-3031-b065-db0d56e2996f
deevdarver767,4701230d-18f7-385f-ac70-e340a6995397
alexlikepenelope,2c051a00-a9c6-3cc3-b499-b7a54f42e996
hti,738cd397-d517-3f16-b429-6b8784e0b398
yeattwizz,a1882080-6731-316e-9771-721c0271c397
yeeishyee625,0cc034f9-5fe5-32e6-a832-55125f6823dd
jakob,3f0337bd-9e30-3e34-b0c4-502f29cd5fa3
ishowspeed,e68d79c7-8513-300e-a2c6-cf2c70b984bf
darvervigg979,84731666-6889-3a4b-9e1d-3406e04fe331
donimite,96363574-48c9-37dd-94e7-feb4b9854402
domite,90ce8be3-8e13-367c-ab22-962b7d6181b7
ee6370__,ac8836b7-2bca-3105-bbb3-b7be473494ab
yeeleryigg739___,c09ebeb3-4cf0-34ca-8470-9b1584dcc126
yiggvigg474,49b5a5d3-90b5-3842-99f2-a6fd7602d018
kokii,c1b04a3d-9064-3aa8-8653-7e8a5d9fd34c
hub,3b252b74-77c4-38d9-9fcd-05823d1db916
eagleryee892,a651f2f6-c404-386f-a63e-4efe2e340445
kockaweewee,07f7f259-b9e5-3e00-a5bd-3987bddb8ceb
darveryeeg603,1a762c39-10dd-3532-ad41-33046872c7d5
viggvool692,f385ae19-3062-375e-a82e-055d805253a3
yeeishyee653,14436b1a-f6d6-3030-ac91-8668e8e62287
kenny,03a7d0f0-98a3-3f10-97a0-d94a9542dce3
eagleryeeish525,695e7cbd-3434-3a95-bb07-0df5cf1d67df
imannoyinglol,37dbffa7-a6a7-3817-9c52-f9a34f01ea3c
stitch_shark,a09cad66-9e7c-3f3c-a27a-a316422cc58e
yeeyeer448,1b1a2852-5e28-335f-82be-5990bcded3ac
yeeisheagl324,97ef0e29-821e-3b15-8278-93339ac554e4
perma,927c3ee9-7c1c-3d46-841e-3454422d0819
yeeyigg404,67ba36e9-a7db-3b59-897e-82cc2c92b4e3
hooray,bda9a725-9699-37f9-9de9-2bfb51191879
n0tch,a56c4632-42ba-3f8c-bfc9-793a30e1d0d3
system,63d82913-3793-31ac-be7f-030d58a75872
puppy_22,67dc2d1a-db3a-32fc-abfe-d831711340af
ggboy,aed86024-e83e-3d6e-882d-8a5857229d57
yeeishdeev1322,9adb8596-4b12-30e3-b5ec-c4819feb2dfd
maximum_capacity,29346215-a9d7-3780-ba88-1a79435e5364
shaggy,713d8498-f22b-35f4-b32b-6567e6319ebc
kevin_8272_7,352086c4-a585-3b08-9318-6901bffeade9
aidenw,f557458b-c4cb-3e5f-aad4-eb70504aa572
ziggy2,29d7b61e-2869-3853-bf1d-945d735ed92b
ranboo,d8b9e6d0-ceaa-3691-802f-0816c1614faf
steve,5627dd98-e6be-3c21-b8a8-e92344183641
yeeyeeg553,40fb97dc-7eb2-3ee2-869d-e10340a1d737
supermokeyfail,d25613f2-ed6f-37ea-ad06-de2ec5ca378b
zoya12,75b4ad7f-c5a4-33f2-bd86-74aacb0c1bd6
ada_m_w,e7e8daf3-a98d-3174-b430-8be8cb12943e
yeeishvigg128,f6c68764-4533-3649-8769-39c0f94c3977
bigmak,0d98f2a0-08d4-3706-8e18-2a63c668c633
laxdude1,a542c622-8171-3f2f-b216-6f660f629e57
blake,0003c0c7-2ffc-322b-a4c9-1544049d7d29
rabaccaiscool545,4550d923-fd2a-30d5-b62c-f0ac14502502
flightygamer188,75314048-b7f3-3dd9-a84a-4d7145fd228d
urdad,f591b308-631c-3b98-ae1e-ed7f5ce68f7b
vooldarver556__,b850b231-c764-32e8-bf36-6ff7241ae331
inaaya2324,fdfea71d-ad7e-3656-97f4-c8ed2276ff3c
viggvool489,4d06d532-a911-3d74-a29f-50ae41347d44
bottom_text,1d9fb873-d334-361e-9b58-5e73e5f774a2
yeeishvool850,d8c9918c-3d8d-3a99-8b0e-abb941d2d500
yiggyeeg399,8da5ce86-1cc1-3e39-a387-6d131b2a6aae
yeegyeeler364,a3545848-2b88-3eb1-b209-b11a8d687421
yeeishyee459,b1f686f0-ecf4-3fa2-9120-15b3a13261ce
viggeagl329,530f619d-ecb7-3611-ad06-5fee01a86ea7
yeeishvigg798,257b2c31-fac4-32cc-83c8-00d6f24534d8
viggyeeg683,37cf4013-288a-3baf-bf06-26a63b55d2d3
beastninja,4ddc1841-8db4-38e6-b1be-621d0943c916
sweat_pvp,9383d0f6-4c25-3c58-85bc-f244ded331f9
yeeishyeeler906,f2661f33-a6f3-3bbf-80e8-0320cfc794e3
viggyeeish683,7714f06f-0d1a-3a2d-90a2-e82cf6fff211
thenetherking,aa89cc77-a255-3cc8-bf23-b790a83c95cf
login_dud,3b62c0d4-8a48-3bae-964f-89374fbb6c5d
dabi0829,c6791e36-fca4-3582-b9cf-361f2a73b6b3
noah,407ab702-d47d-3f4c-a57d-25b4b0f0e34f
torhao,4fa1a4e2-2c0d-3ecd-824c-ae9a3496b552
kaito,11e5ab07-aa89-31f3-9a62-e990d72b5f7b
sosa,d8a52d50-ba48-3e05-9e92-0d333ec7af50
the_best,86706560-ef46-3f6b-a8e1-a028d99d9fc1
settings,a670fce0-d330-35f2-a502-a3e002e4a16f
jh_1081,270fbd32-b948-3740-a3d6-60a856dd8dff
dabi,6b82cbb9-e9d1-3445-a5f0-3e8a9872552e
getsilly,843e8e6c-b63f-333c-9c13-4c40b1931137
eagleryeeish835,90958209-8d0d-3767-84b0-b81aecc2ddd1
yeeishdarvler141,b746de5c-450f-39ea-8869-56e68e83663a
null,90c0c1fe-a180-3a77-9073-3c6b21f0ccfb
dream,e6135a83-d680-39d6-b4be-65a3d8bb97ad
africiangoat,7a35a61c-fa68-3ed8-8ee3-950fcb1bc6ae
sc1mitar,32a54a4f-66fc-3633-ae9c-064439b29c52
aiden_7828,5e462614-fafa-3055-9342-670745e165c6
silly_dog,fc95b3ca-172d-3511-9277-aa5b8ed44054
flyingflighty8,dc9e1ec6-79eb-3b8b-9127-062b0461a925
eagldeev527,06e11980-9c7e-38b9-842a-af0a8e467ded
acousticbread,f227fda7-b882-3cba-8e98-4858bab86b40
me_,e950c195-fb80-3a6c-aeb7-ad9ca7cd2cb9
viggyee460______,955482a2-f529-320e-8511-a389d46bdad0
yeelereagler418,3a9727c2-5e26-3408-afb2-da29593e7264
moldy_loaf,64639d9a-7eb5-3b46-9d72-fd88195633d6
213,e3c124fa-3500-30fe-804c-efcc60cef698
yeeishdarver101,311fa343-9590-3baa-aeff-b24c312792fb
superdave,aa9b7efa-e94f-33bf-a5e0-b443e8c6bdc0
yeeyeeg116,a48b4cbc-bafb-3c6e-8762-276d9e35e98b
loser,ddf521f4-7fef-3a31-a265-9931cec2acae
___kaitoisontop,2432a2ac-0543-33fb-8bba-78fff4a60034
yeeeagl764,b9d27db8-ec3c-3b0a-9c60-8cca4e7cf3f0
hi_how_are_you,f1199164-7cd3-34cb-81ca-3c7821027197
darvleryeeler543,2cbc7eb6-d10d-3675-bae9-3e4b0e1dd601
a_guy,1a6eabd6-8962-3672-802d-02e12de291cb
vooldeev892,b15dbaa3-bce6-3807-8ebd-c718d4e2547b
reath,e69d0cf7-e69e-3594-8748-865ecf2e977e
hellomario,2458de56-c9a4-3b9e-8f4f-f8d0ecc1235c
gio_,c0b03573-bc73-30a6-865f-36a6cad37e8a
yeeryeer423,f0b9e20e-3e62-340a-9031-fa26a5899846
leb,dd17371a-3ac8-38c4-983e-543be98f446a
walter_h_w,0d675bd0-6db3-33b5-a907-f2dc70a727b9
adam_w_,39e014cb-9fdc-393c-ba7a-3c638b452e60
mr_crepr,4679b83a-2ccd-3378-b94c-51da2d9682d2
shadow_bonnie,b5e08b57-7e09-357f-861b-4ce9805817ab
ligma_irl,9c95ae64-dd27-3b5f-8ed6-4caca9594858
bro,590bc4f9-8fed-3bd7-b61d-b2356b739250
eaglerdarvler722,b4f87b10-2a65-3b84-956a-0f2a0eb9ac39
der_kaiser,9acc1839-44cb-3ee4-910f-d0ea8b9eb8d8
yeeryeeler816,76fa1172-a627-3a67-aa2f-7ed960754c23
deez_nuts_2930,159216a2-ffc5-34ff-a081-e50d783b8b36
moha,e5bf8bdf-e83f-3964-9f23-06699d1b1096
yeegyeeish921__,77fc3f1f-5528-3aa1-922c-39a346389ceb
newaccountalt,1c8a5344-63d4-3cb0-a60d-e6abc60e8837
shappire5335,5ec99a10-ca8d-3866-9578-bfa0f3aa4b66
viggyee779,c678cdc8-e38b-36cb-96d3-64a51d539945
jforj,23c54bfb-d7b0-3177-b795-c71b15ba55db
yeerdeev410,26523f1f-eb3d-36da-9010-e9f023f9baa8
xxsniperxx,1d23283b-1329-3f31-9ff0-e3b056a602ae
a_random_player,816f0934-80ad-3616-bf19-e3cf45c866be
viggdarver856,b03ec784-0280-3952-9c77-9956a94bc43d
mr_shard62,41114dee-a4cb-3bc1-a62a-efb404ba4ba1
build_da_store,84123087-a427-35b5-b52f-26d56e4cc915
yeeyeer396,9afedea8-d5d9-3564-95ac-83d7ffe6c9fd
erdeev396,bf4d5af9-47b7-374a-bbf8-85ef54a5239e
the_blue_shark,c1a74d9c-3180-378a-a56e-c4342a0fb695
tamade01,4cf82396-1487-36d8-be36-fb13b0f8d11a
mrbeast6000caleb,c0378868-2411-3912-a3f9-53460eed7e75
oswald,5c549295-8a85-3409-b0ba-feba6d244325
my_peepaw_died,7cdd515a-f22b-3031-858d-2058efeb747f
littlemonster,c6ffbdea-99c8-3e86-85d1-d5853dfcd8bf
purple__guy,8e24c300-7ae1-347f-8d4f-ba1f30c3ad10
yeedarver223,3501ddcd-22e1-363e-b65e-ca7a651081f5
somekid,d740af79-dc5f-3bd6-9069-422270217481
torhao00,3fc42acf-6593-3aa2-8661-4f701eab3891
never2,b5f65b7b-ffbd-3d30-9fff-2439ad8fe9ef
yeeyeeish958,38b69720-c52f-3360-832e-d82be2a9d611
baconwaffles12,a23e1d08-b970-37cd-959b-bf723003e4ac
nicholassmith52,81f72b6b-c89a-386a-884d-525187999402
ur_sweaty_kid,2e087edd-ab1e-3822-ae84-9c8a8cc5fc06
viggyee875,58ede8f5-33d8-30da-b662-17c1cad2c644
exoticflower,0d2602c9-e26d-3c42-aa7e-57c10d5523cf
harlan_,f4b5781e-8778-3907-8f50-289e1d9a2f65
matersalt88,d3bea3a5-ba67-31f4-ac2f-bf440eadf3c1
aaaaayt_,40382a7f-a04e-39d3-a077-c115cd12a5b2
revaniganudlar,ca773bf3-e354-377d-82f6-17b64f8b90d6
viggeagl189,a650dd6a-774a-3ac1-b151-fabda84124ec
asscrack,678df776-1145-31bb-b32d-94f073677642
newaccount,bb8e2675-fac5-38eb-be63-064cbc1483f1
c00ldude55,aa955eb5-6244-318c-b7be-23f83d369ad9
darvlervigg938,cabef032-08a2-3fd5-b08a-6c797455b402
deevyeeler887,0fc3f50f-44cc-316a-b138-e1998d6a15f7
darvlerdarver988,32140f5b-d614-3b29-9771-3f63170ff1ce
seven,01c43318-5d89-3e2f-8472-a3a396aa1cbb
crazyg,0d57f05f-dbb3-39b3-8240-db1f16c079b5
walter_white,529bdbf5-f292-31f0-b462-81c6bd8e4470
wolf_god,039ce659-42bb-3f42-b3cb-4a8955195272
aiden_7828_aiden,96764a92-fb31-35f3-9bf5-e3343dc47c82
misclick,72432fb0-6ece-3f25-b97f-79842fb1264f
kevin_8272,9fb22da5-4e09-3985-8e68-91a2f8ec7c19
h2o_evv,b3762478-00f2-3def-b0d5-99bfea810493
chefan_8,f6c97830-a608-347b-9fa9-d17ae87ba758
boshkalaybongbon,b4c53fdf-0009-399f-8ed1-60ba33f456ac
idk,89048e4d-07c4-38bc-a1af-595e66b07e25
darvlereagl476,3941b04c-fa18-3600-9dc4-a0b36a9aa2ac
ihauntballs,ff911cb8-2131-371a-b092-c03c03da29da
mrbeastcaleb,a0d5b303-ce17-30c4-b263-ebcf940a8eb1
eaglerdarver649,243138cb-670f-388c-b891-7bb0280cb6be
orentach1023,ad8c9ba6-616c-32ad-a737-d505ecce722d
wyatt,b9ed0d7d-2b11-32f7-8c6c-fd06c65883d9
caleb_king,9c3d10c3-398b-34ce-8022-0617317c4b79
yeeishdeev100,18f21564-4270-3822-9e86-766ae9cb8f8b
anonomis,fc85cda8-df4d-3b5f-ac1d-aa744ca1ac93
darverdarver760,2a3e9448-75e9-3e27-8341-1b709dcadb39
mr_shard,0a345b67-b265-3df8-abc9-361e25bb06cf
ziggy2009,92a0b1dd-1600-30ad-bb05-6252c1f0bec4
ava,77764042-13d5-3e58-aa30-b17e97ac9ea8
clownpierce,c86e95bc-1ca0-30ec-b497-2ff0db9e2187
dicegamez,116b0e27-98af-331a-bee3-e86e41eb57d5
yeerdarvler697,72edb862-b8ce-375a-87af-0dd6148e2ba8
ally,97540b2a-657d-3fc7-b62d-9528c1be5c61
honey,96a35ec1-e3f9-3ab1-b8c6-6d92d3003be3
yeeyeeg190,6685d59f-3efd-3403-a2a1-f3dea77c96dd
viggyeeler253,1747e20b-d8d0-3779-a5d3-294c70462b7b
yeeeagl800,3a5c9165-0dda-36d0-8c0e-d6f3056f31fa
yeeryee110,54f4cf35-f68d-3f4a-9925-51901bd45810
childrean,a89078a9-0a33-370e-94b1-0fe600a6433e
yeeishdeev132,3ae44ce0-1279-3d3d-b489-fbefa4815c50
rodman,f7582fea-6911-380b-8315-926e57c42432
big_boy_22222222,26a5168c-1b6e-3df5-af73-660a8200262f
hrbn,a294a831-b39a-31a9-ae9a-cbffc821a25b
gabegoesforthat,fd056975-2a80-3521-b18d-97078184a4fe
deevdarvler950,e945e8df-cc32-3192-aa99-9cb59f49b0ec
smurfcat,876c0ac6-792f-3edf-b572-af86d2e1f155
mksimisgay,a8bfdfa3-2353-37da-b6d0-75814aa80c84
stone,1e5c53ef-af12-315c-97da-904d04acf234
cracker,5705dbc1-5097-3471-abcc-5681150cb182
dumbo,d7abdeac-e81b-37a6-bbe1-4d81befa4498
dynamix,315d908e-d845-330f-a3ad-438b1ac91d96
person1_0,3aa2095b-143f-36ba-bd89-da18c507488e
yeereagler412,2e02adc2-a886-3bd0-a653-548e500a7de8
daggerfort,1ee7a549-5665-3b39-8282-29dbabc43b5d
average_miner,399637a9-15e4-3d64-87cc-fb4c843413c1
buzz,ef077687-ebec-3e8d-8fed-2107690e0a69
dismalbarbecue4,43696110-8337-3ddc-b5ef-ecb43bc50509
dasukin__22,f36a06b4-9167-3168-b3a7-4771b42934c2
faiz,b5c6f781-a7ba-3fda-81a8-8ad72ed42294
eaglyeeler870,12c88fe8-87dc-37ce-bc86-0bf3582d9fe8
trav,55399881-8783-346d-bb16-23bb8adb22db
yeeishyigg194,d7c9e4da-9323-38fd-a5db-b6518d8568a4
adam_frend,d12ea5db-d6b2-33f7-8dad-ab346f9a3a3f
darvervigg468,d82bb878-c1b2-3a98-9373-d51391abdb13
heh,289cedd9-d204-3d65-9c60-46e7157a7bbc
eaglervool456,bc676da9-ec73-3966-9cf9-a1bed7b80d4b
infant,65b9ea6f-6af3-3c28-85b8-78e3a5a0f598
rabacca,5a67c86b-eee2-3be0-a4f2-ad76707ba9ab
yeettttt,9488ee94-0863-3334-b7b9-e0749bfc589d
pototos1,d919148f-40b1-3bc8-81af-fcd0b3252fe6
kks,3df34cb3-69c5-3d62-a6e1-92864391b1dc
da_babygurl,b3889979-1200-3488-9e0c-6fe0e2b9e2e2
eagleryee158u,7efa676f-5c00-31e0-aafc-a5beb894c611
pvp123,243745a0-fe8d-312e-9025-51dc2d5ab2d1
nobody,88f1b505-b838-3837-93c0-4f2cfbb70cfb
random_creeper,8505643a-5e9f-373d-a177-b6dc49ce30e2
poor_girl_rose,c7190789-e9ba-3ad0-b27d-2ebffc86be8f
darverdeev442g,9814c0fe-c001-33bc-9f12-3ecb8673f893
voolvool119,23de7ff0-6e8e-3964-88cb-ffa9f9243eae
small_penis69,bbbb5bb0-4855-373a-a601-9dc531e254b4
supreme,ef82aae5-ee79-3e7a-b771-c6ca51614530
taquavion,217b9f3c-bae5-3571-8245-edc1f68c3eff
shaquan_122,b526e80e-0669-3fd8-8804-fa06236be4df
der_kaiser_,88ba7969-2803-327c-b5d6-7c7f32333189
yeeryeeg965,537f9bef-a3f5-3a6d-8e3c-a8128ba8373b
snowie_jay,99804182-249d-311a-a7c2-4061e4b871a6
imcool,985d8394-df95-32e2-95e6-9e0e97dbbd33
tiny,bf5adb4f-03c9-3b6e-be37-94d234650d0d
harlan_dwd,3ba31f46-b469-392b-a276-9be1dd4e21f3
jbeato,546112ce-0423-3dd8-8cff-0d0e558d3960
viggdarvler560,30546687-414d-3b97-a8a7-d29cc5d1a594
thetotalnoob,494cf314-7f04-37fd-babf-98705734521a
jellyfish,73c2a75b-c3c8-32f8-bccd-d7828928c29f
yeeishyeeler762,8b16af23-0c2c-3c77-b537-c49b0d99b1f4
football_pro11,e857fd1b-29ea-3a6b-a697-5f652e3643df
ihylxfe,fd390ea2-caa8-3b39-8a06-0614e84f4bf0
mr_creeper,c6213910-4247-33f3-804c-2a26e7f846b7
ala_ak_bar,e2786d31-4318-3c10-90c6-aa4c13c09003
darvlervool328,90e994ac-01a5-31a9-8b60-462c4e87fa01
solenten,a1e11eb0-e7f2-3dea-b059-4ad27a05dacf
nick,f772ff11-b74c-3a21-8353-07ffa7c9e00a
ni__a_man,689cd81f-be93-30be-b202-524e415d1f0e
donomite,428a47d9-5d89-3748-a046-a7af31c4cfe6
fall,5ecba8b7-2c24-311c-a2e3-4baf06bf0cb5
blaze,f4cc7fef-b601-3327-a0a1-01fe229fb237
pachick,a3258239-0e94-3182-9612-2915ed242cb7
vinnie,b172570d-a27c-382a-a5b2-ff8daccedcc0
yeeishdeev333,1f9ca5a9-072f-3369-80da-10b2de93cb3e
darveryeeish633,38bca382-6ff7-3654-9427-1caa3b735f89
clarkeeee,350de014-68d7-3a3f-821c-730b7e5f5d54
eventangel,4d17e9b2-5380-3676-bd57-a7fbccee60c9
yeeishyeeish349,5c84379a-5b58-38c2-82ca-a65dfceaddce
a_guy_,cdb03c9d-949e-3b8f-8986-ca5a8e5b3814
bryancortez,eee36558-efe9-3246-b2d7-2ce98b784584
harlan,fb511702-b238-31e8-b2e3-3ac053678b05
backwhip,e1b2936d-70c7-3822-8c81-55d889957508
yeevigg707,c3e14ff9-9844-3385-9081-965a7ad60021
cool,f3f05896-127b-3480-b8c2-72d219729ed8
rusty,39065e35-e201-32f5-adfe-f59347790bf7
idk1824910871075,44c6be7a-4668-3c1a-b7e4-ab676aa35ca9
vooldarvler633,896dd08f-dc89-32b6-8a5c-05fd6cd5a9f2
memer,79bf3191-2559-3896-bcfe-187265345fe8
gigan,607072d4-dfde-3efc-90c3-19c4debfe3cb
darveryigg617,0fb76edf-0745-3da5-88aa-57e732eec00e
frogdude23,7ee7eb42-2161-37af-bda6-2e269bbe4be2
thatguynamedbob,442dfba3-ab78-3590-8c0f-36ab58246fe1
j_a_y_l_e_n,014dd7d6-dbfb-3278-93be-4763e10091f3
yeeryee289,ac34a96d-117c-38d9-ad9e-29353eddde3d
anonymous,10fb8ab3-68bb-38b2-83c5-08d93211b8ea
darvleryee818,86f7e85d-66fa-3aed-a137-3f33c5533570
mapl34,88165229-84ac-3fa8-a9c6-4283fe680e56
walter_white09,7422deec-6e8f-3168-a2b3-2c26268fdb8f
legoropi,fecc51a5-ede5-3e46-a043-505f3ecfacd8
c0ck_l0l,b2d0f94b-6e30-3257-8a72-cb31f8653cdc
darvlervool663,b0d971b4-9399-3c13-ad69-d155f6e34296
test_536,13b704e8-974c-3b21-89bd-b97a9f077e5e
youreawesome,43090cd6-e1b9-365b-bf9c-95745b9c1776
grimace_shake,7709ca75-6df5-309c-91f0-c9781c7bfe1b
ihategaysxilaus,767a7fe0-b26a-3a94-9a0e-49651751a430
dice,30129eb9-dc48-3927-9654-a9767c54e2d7
yeeishdeev13,b3ff87e2-5d09-3991-8a83-804521dea213
yiggdarver246,8f85b8c2-80c5-367f-9e49-783a26694109
yeeisheagler456,209fbee0-9395-3b8f-94c1-6c51e611329c
banana,b2038ac8-3ec8-3361-8c56-8df884facc56
superfiree,5398b36c-1f57-33db-983d-64d3cf67941d
anoomyss,e6c5e2f4-e324-3ecf-b325-a6a38970793c
dibi,78d851b9-9576-3c0d-9a5f-b8ff531cebd1
dono,0597ad08-d26a-3824-8720-3bb2ce99b5db
urbigmumz,bb2eaca7-5249-34ce-aac5-13b8011050b2
your_mom,4d8c13f5-4c90-3529-8923-ca7a06c8a89e
dibe,32430432-8ea5-3a02-9966-5a79f35740d7
yiggdarvler155,60c397ef-bc6a-3d17-8eb2-f9a82bd15758
eaglereagler666,214c8867-aeaa-36c7-a1ec-636bb2ffd0be
wolfie,6bf0cf60-cf98-358e-899c-ace3dc380dae
yeeryeeg648,d75899e7-d9b6-3a8e-bbc7-05ed7d7ec869
candice,303c71b6-8b40-306f-b450-284cc4ae22c7
imfriendliiy,3464ad7e-057a-3214-8588-8ce2bd172445
agent666,7a24df58-32ac-3c75-a0ed-15abe20c0b89
hero_of_nasser,09aef769-b8fe-3ba8-b873-cc612d5c49d9
joj,36c9de5d-594b-3998-96c0-6ebc3f6279f0
yeevigg915,f257f4a4-773c-3e47-97fe-6d1930c1f65c
therealgrantskid,ade400bf-1763-313e-9ccc-2637dc501cac
jackjack135,298eb8ec-c5dc-3801-9546-2e078ddc6242
cupcakey,2cd18210-6018-318f-bd3f-480854bca845
girltf,68a64d9e-b795-30ec-acea-95f88a14140a
boflighty,6e2203b9-9438-36df-ada7-4bbf343b075e
henner,c40cf47b-02ef-3042-8a84-54dedbc45749
the_man_of_chaos,5b6d7f24-5b8f-3db6-b45d-b7d92f448e4a
darvlereagl721,304453fe-46b5-33e5-bbab-721b92d7ec38
yeeryeeg979,7c6b904a-e4e3-34e7-bb06-f788faca167b
eagleagl855,319d4130-cf5a-32bf-a422-803c28759824
eagoi,8b785fb3-2916-3d65-99b7-245a5abdb90d
yeeyeeler807,cac2b90f-3c92-3005-af16-eed88097c7f9
theyheartal3x_,120b89bf-cd33-3ec8-970c-9df728eb4876
cb_,6354d104-7d81-384b-ab41-1db2a540b44d
glosquid,c2cd5a39-dc0c-3dea-8eb9-a56bb03fa187
conner,baf6362a-492f-3992-b3d9-9e48649569e6
zach2011,1635f321-0a15-38b0-9882-44552576d151
my_fart_is_wet_,d41bf1b3-7528-36fd-9835-b34a6e377b53
voolvigg561,b6099aff-8950-3e7d-b6fc-213b23ee9ae1
ka1_luvs_b1rds,dcddbabd-1d16-3fbc-925a-9b426bb1e56f
eaglvigg438,7b5d8241-8d67-360b-9fe8-a312a903d2d0
yeelervigg200,b2d3642a-33e1-3419-acb0-2c17a187bd8b
ironduke,1ae6253b-b72e-3e0e-a6a6-aa9eaff89f17
xilaus,1701560f-bcc1-3882-bc18-cfffa5199b8c
bake_potato,301bb077-a6fe-3ea6-a7ac-6669454328ae
steeve,90bf670a-0df5-3643-a49c-785cd4021971
